Cummerata,Dexter,Male,maroon,09/02/1975
Lockman,Kraig,Male,orange,05/10/1995
Lesch,Alina,Female,turquoise,02/15/1940
Ziemann,Arthur,Male,indigo,11/18/1970
Barton,Hector,Male,black,01/23/1994
Welch,Antonio,Male,green,12/05/1981
Murphy,Derick,Male,magenta,04/26/1942
Auer,Darius,Female,ivory,03/21/1978
Wunsch,Royal,Male,turquoise,10/09/1946
Turcotte,Bud,Male,ivory,11/17/1924
Kutch,Darla,Female,silver,08/05/1928
Kuphal,Asha,Female,orchid,03/10/2001
Bechtelar,Kelley,Male,fuchsia,01/03/1933
Denesik,Britteny,Female,ivory,03/31/1940
Tremblay,Kathaleen,Male,white,08/12/1922
Weber,Kristie,Female,magenta,09/15/1957
Pfannerstill,Carylon,Male,pink,08/30/1999
Oberbrunner,Sterling,Female,lime,05/30/1955
Sporer,Lavern,Female,yellow,01/10/1980
Hermiston,Dortha,Female,blue,05/02/1946
